{
  "project_info": {
    "project_number": "1014796727629",
    "project_id": "meuduo-c97f5",
    "storage_bucket": "meuduo-c97f5.appspot.com"
  },
  "client": [
    {
      "client_info": {
        "mobilesdk_app_id": "1:1014796727629:android:99929d3b43738806bd3304",
        "android_client_info": {
          "package_name": "com.example.meuduo"
        }
      },
      "oauth_client": [],
      "api_key": [
        {
          "current_key": "AIzaSyCJfay8ooet972-2Vo_OyVXnbvvv_4vUBQ"
        }
      ],
      "services": {
        "appinvite_service": {
          "other_platform_oauth_client": []
        }
      }
    }
  ],
  "configuration_version": "1"
}